lemma	category	level
bò vàng	an	inclusive
chó	an	inclusive
chó chết	an	conservative
chó cái	an	conservative
chó má	an	conservative
chó săn	an	inclusive
chó vàng	an	inclusive
chó đẻ	an	conservative
cẩu	an	inclusive
cờ hó	an	conservative
hồ li	an	inclusive
lợn	an	inclusive
ngựa bà	an	inclusive
súc sinh	an	conservative
súc vật	an	conservative
sủa	an	inclusive
tườu	an	inclusive
hàu	asf	inclusive
hột le	asf	inclusive
loz	asf	conservative
lòn	asf	conservative
lôn	asf	conservative
lồn	asf	conservative
buồi	asm	conservative
bú cu	asm	conservative
bắn tùm lum	asm	inclusive
chịch	asm	conservative
cmm	asm	conservative
cặc	asm	conservative
cửng	asm	inclusive
dcm	asm	conservative
dit	asm	conservative
dkm	asm	conservative
dmm	asm	conservative
dái	asm	conservative
móc lồn	asm	inclusive
nứng	asm	conservative
phọt cứt	asm	conservative
sục cu	asm	inclusive
sục cặc	asm	conservative
trym	asm	inclusive
trứng dái	asm	inclusive
trứng dái đánh lô tô	asm	inclusive
xoạc	asm	inclusive
ăn lồn	asm	conservative
đcm	asm	conservative
đit	asm	conservative
đkm	asm	conservative
đmm	asm	conservative
đầu buồi	asm	conservative
địt	asm	conservative
địt mẹ	asm	conservative
đụ	asm	conservative
đụ má	asm	conservative
bè lũ	cds	inclusive
bỏ mẹ	cds	inclusive
bốp	cds	inclusive
chết bà	cds	conservative
chết cha	cds	conservative
chết mẹ	cds	conservative
chết ngắt	cds	inclusive
clm	cds	conservative
cmnr	cds	conservative
cút	cds	conservative
cứt	cds	conservative
del	cds	conservative
dell	cds	conservative
khốn	cds	conservative
mả cha	cds	conservative
mả mẹ	cds	inclusive
mẹ kiếp	cds	inclusive
mẹc	cds	inclusive
thí bà nội	cds	inclusive
thí mẹ	cds	inclusive
vcl	cds	conservative
vkl	cds	conservative
vl	cds	conservative
vãi	cds	inclusive
vãi cả lồn	cds	inclusive
vãi lồn	cds	conservative
xí	cds	inclusive
á đù	cds	inclusive
đéo	cds	conservative
đù	cds	inclusive
đếch	cds	inclusive
câm	ddf	conservative
già khú	ddf	inclusive
hủi	ddf	inclusive
nạ dòng	ddf	inclusive
đui	ddf	conservative
dốt đặc cán mai	ddp	inclusive
khùng	ddp	conservative
ngu	ddp	conservative
ngu si	ddp	conservative
ngu đần	ddp	conservative
ngu độn	ddp	conservative
ngốc	ddp	inclusive
thiểu năng	ddp	conservative
thối não	ddp	inclusive
óc chó	ddp	conservative
điên	ddp	conservative
đần độn	ddp	conservative
đầu đất	ddp	inclusive
anh hùng cá nhân	dmc	inclusive
ba que	dmc	conservative
ba que xỏ lá	dmc	conservative
bán khai	dmc	inclusive
bò đỏ	dmc	conservative
bông tuyết	dmc	inclusive
bồi bút	dmc	inclusive
chóp bu	dmc	conservative
chống lưng	dmc	inclusive
csvn	dmc	inclusive
cờ ba que	dmc	conservative
dlv	dmc	conservative
dư luận viên	dmc	conservative
giặc cỏ	dmc	inclusive
giặc lái	dmc	inclusive
hữu khuynh	dmc	inclusive
lều báo	dmc	inclusive
mĩ–nguỵ	dmc	inclusive
mại bản	dmc	inclusive
nâng bi	dmc	inclusive
nịnh thần	dmc	inclusive
phản động	dmc	conservative
sừng sỏ	dmc	inclusive
tay sai	dmc	inclusive
ton hót	dmc	inclusive
trung cộng	dmc	inclusive
tài phiệt	dmc	inclusive
tả khuynh	dmc	inclusive
tự nhục	dmc	inclusive
việt cộng	dmc	inclusive
vua tin vịt	dmc	inclusive
vây cánh	dmc	inclusive
ô dù	dmc	inclusive
ăn bớt	dmc	inclusive
ăn chặn	dmc	inclusive
ăn cơm quốc gia, thờ ma cộng sản	dmc	conservative
ăn hoa hồng	dmc	inclusive
đu càng	dmc	conservative
đầu sỏ	dmc	inclusive
bất hiếu	is	inclusive
bắc kì	is	inclusive
cu li	is	inclusive
cá gỗ	is	inclusive
công tử bột	is	inclusive
cậu ấm	is	inclusive
hai lúa	is	inclusive
hạ đẳng	is	conservative
parky	is	inclusive
phèn	is	inclusive
trọc phú	is	inclusive
việt gian	is	inclusive
vô học	is	conservative
xó xỉnh	is	inclusive
be de	om	conservative
bede	om	conservative
beđe	om	conservative
bê dê	om	conservative
bê đe	om	conservative
bê đê	om	conservative
bêde	om	conservative
bêđê	om	conservative
bóng bẩn	om	conservative
bóng dơ	om	conservative
bóng già	om	conservative
bóng khùng	om	conservative
bóng lộn	om	conservative
bóng râu	om	conservative
bóng thúi	om	conservative
bóng tâm thần	om	conservative
bóng điên	om	conservative
bóng đũy	om	conservative
bóng đực	om	conservative
con bóng	om	conservative
pe de	om	conservative
pede	om	conservative
pê đê	om	conservative
pê-đê	om	conservative
ô môi	om	inclusive
cớm	pa	inclusive
ca ve	pr	inclusive
con điếm	pr	conservative
gà móng đỏ	pr	inclusive
lầu xanh	pr	inclusive
ma cô	pr	inclusive
me tây	pr	conservative
phò	pr	conservative
trai bao	pr	inclusive
tú bà	pr	inclusive
đĩ	pr	conservative
đĩ ngựa	pr	conservative
đĩ thõa	pr	conservative
đũy	pr	conservative
đứng đường	pr	inclusive
ba tàu	ps	conservative
chệc	ps	conservative
chệch	ps	conservative
hàn xẻng	ps	inclusive
hán nô	ps	conservative
khựa	ps	conservative
mẽo	ps	inclusive
mọi cà lơ	ps	conservative
mọi rợ	ps	conservative
mọi đen	ps	conservative
nhật lùn	ps	conservative
tung của	ps	inclusive
tây lông	ps	inclusive
ấn đụ	ps	conservative
anh hùng bàn phím	qas	inclusive
anh hùng rơm	qas	inclusive
biến thái	qas	inclusive
bà chằn	qas	conservative
bệnh hoạn	qas	inclusive
bị thịt	qas	inclusive
bố đời	qas	inclusive
bồ nhí	qas	inclusive
bợm nhậu	qas	inclusive
cao siêu	qas	inclusive
chạn vương	qas	inclusive
chỉ tay năm ngón	qas	inclusive
con giáp thứ 13	qas	inclusive
cuốn gói	qas	inclusive
cám hấp	qas	inclusive
cò	qas	inclusive
cơm thừa canh cặn	qas	inclusive
dạy đời	qas	inclusive
dị hợm	qas	inclusive
ghẻ	qas	inclusive
giáo phái	qas	inclusive
giảng đạo	qas	inclusive
hà tiện	qas	inclusive
há miệng chờ sung	qas	inclusive
hủ nho	qas	inclusive
keo	qas	inclusive
khốn kiếp	qas	conservative
khốn nạn	qas	conservative
kẻ cả	qas	inclusive
lí sự	qas	inclusive
lẳng lơ	qas	inclusive
lỗ tai cây	qas	inclusive
mèo mả gà đồng	qas	inclusive
mất dạy	qas	conservative
mất nết	qas	conservative
mẹ thiên hạ	qas	inclusive
mụ	qas	conservative
nghề ngỗng	qas	inclusive
người ngợm	qas	inclusive
ngồi lê đôi mách	qas	inclusive
ngữ	qas	inclusive
nhai lại	qas	inclusive
ném đá giấu tay	qas	inclusive
nịnh đầm	qas	inclusive
oắt con	qas	inclusive
phàm ăn tục uống	qas	inclusive
phét	qas	inclusive
phắn	qas	inclusive
qua cầu rút ván	qas	inclusive
quỷ quyệt	qas	inclusive
ranh	qas	inclusive
rượn	qas	inclusive
tai to mặt lớn	qas	inclusive
thú tính	qas	inclusive
thảo mai	qas	inclusive
thị	qas	inclusive
thủ dâm tinh thần	qas	inclusive
tinh tướng	qas	inclusive
tiên sư	qas	conservative
trẻ trâu	qas	inclusive
tép riu	qas	inclusive
tằng tịu	qas	inclusive
tọc mạch	qas	inclusive
tự đắc	qas	inclusive
vòng vo tam quốc	qas	inclusive
vô đạo	qas	inclusive
vắt chanh bỏ vỏ	qas	inclusive
vị kỉ	qas	inclusive
vừa ăn cướp vừa la làng	qas	inclusive
vừa đánh trống vừa ăn cướp	qas	inclusive
xéo	qas	inclusive
yêng hùng	qas	inclusive
ôm cây đợi thỏ	qas	inclusive
ôn	qas	inclusive
õng ẹo	qas	inclusive
ý kiến ý cò	qas	inclusive
ăn cháo đá bát	qas	inclusive
ăn cháo đái bát	qas	inclusive
ăn chực	qas	inclusive
ăn mảnh	qas	inclusive
ăn thùng uống vại	qas	inclusive
ăn tàn phá hại	qas	inclusive
ăn tục nói phét	qas	inclusive
ăn xổi	qas	inclusive
đê tiện	qas	conservative
đầu têu	qas	inclusive
đắc thắng	qas	inclusive
đểu	qas	conservative
đểu cáng	qas	conservative
đồi truỵ	qas	inclusive
ả	qas	inclusive
ca li	rci	inclusive
con chó	an	conservative
thằng chó	an	conservative
chet me	cds	conservative
vai lon	asf	conservative
cức	cds	conservative
hiếp dâm	asf	conservative
cặn bã	cds	conservative
sủa bậy	an	conservative
đm	cds	conservative
dm	cds	conservative
assmin	asm	conservative
