id	pos	category	stereotype	lemma	level
PT00001	n	an	no	cabrão	inclusive
PT00002	n	an	no	cadela	conservative
PT00003	n	an	no	cadelas	conservative
PT00004	n	an	no	corna	conservative
PT00005	n	an	no	corno	conservative
PT00006	n	an	no	cornos	conservative
PT00007	n	an	no	cornudo	conservative
PT00008	n	an	no	gado	inclusive
PT00009	n	an	no	jumenta	inclusive
PT00010	n	an	no	jumento	inclusive
PT00011	n	an	no	porca	conservative
PT00012	n	an	no	porco	conservative
PT00013	n	an	no	porcos	conservative
PT00014	n	an	no	sanguessuga	inclusive
PT00015	n	an	no	urubu	inclusive
PT00016	n	an	no	vaca	inclusive
PT00017	n	an	no	verme	conservative
PT00018	n	an	no	vermes	conservative
PT00019	n	an	no	vira-lata	inclusive
PT00020	n	asf	no	boceta	conservative
PT00021	n	asf	no	buceta	conservative
PT00022	n	asf	no	chochota	conservative
PT00023	n	asf	no	cona	conservative
PT00024	n	asf	no	crica	conservative
PT00025	n	asf	no	xana	conservative
PT00026	n	asf	no	xereca	conservative
PT00027	n	asf	no	xota	conservative
PT00028	n	asf	no	xoxota	conservative
PT00029	n	asm	no	bagos	inclusive
PT00030	n	asm	no	boquete	inclusive
PT00031	n	asm	no	boqueteiro	inclusive
PT00032	n	asm	no	broche	inclusive
PT00033	n	asm	no	brochista	inclusive
PT00034	n	asm	no	broxa	inclusive
PT00035	v	asm	no	broxar	inclusive
PT00036	n	asm	no	caceta	inclusive
PT00037	n	asm	no	cacete	inclusive
PT00038	n	asm	no	caralha	inclusive
PT00039	n	asm	no	caralho	inclusive
PT00040	n	asm	no	caralhos	inclusive
PT00041	p	asm	no	chupa-me o caralho	conservative
PT00042	p	asm	no	chupa-me os colhões	conservative
PT00043	n	asm	no	colhão	conservative
PT00044	n	asm	no	colhões	conservative
PT00045	p	asm	no	com o cu na mão	conservative
PT00046	n	asm	no	cu	conservative
PT00047	p	asm	no	cu de judas	inclusive
PT00048	n	asm	no	curra	conservative
PT00049	v	asm	no	currar	conservative
PT00050	n	asm	no	cuzinho	conservative
PT00051	n	asm	no	cuzão	conservative
PT00052	n	asm	no	esporra	inclusive
PT00053	v	asm	no	esporrar	inclusive
PT00054	n	asm	no	esporro	inclusive
PT00055	n	asm	no	felação	inclusive
PT00056	n	asm	no	foda	conservative
PT00057	n	asm	no	foda-se	conservative
PT00058	n	asm	no	fodas	conservative
PT00059	n	asm	no	fode-fode	conservative
PT00060	v	asm	no	foder	conservative
PT00061	n	asm	no	fodida	conservative
PT00062	n	asm	no	fodido	conservative
PT00063	n	asm	no	fude	conservative
PT00064	n	asm	no	fudendo	conservative
PT00065	v	asm	no	fuder	conservative
PT00066	n	asm	no	fudeu	conservative
PT00067	n	asm	no	fudida	conservative
PT00068	n	asm	no	fudido	conservative
PT00069	n	asm	no	fudidos	conservative
PT00070	n	asm	no	fuque-fuque	conservative
PT00071	n	asm	no	gozada	inclusive
PT00072	n	asm	no	gozadas	inclusive
PT00073	p	asm	no	ir ao cu	conservative
PT00074	p	asm	no	ir para o caralho	conservative
PT00075	p	asm	no	levar no cu	conservative
PT00076	n	asm	no	mamada	inclusive
PT00077	v	asm	no	mamar	inclusive
PT00078	p	asm	no	no cu do mundo	conservative
PT00079	p	asm	no	pau no cu	conservative
PT00080	p	asm	no	pau no cu de	conservative
PT00081	n	asm	no	pica	inclusive
PT00082	n	asm	no	piroca	conservative
PT00083	n	asm	no	pirocas	conservative
PT00084	n	asm	no	piru	inclusive
PT00085	n	asm	no	punheta	conservative
PT00086	v	asm	no	punhetar	conservative
PT00087	p	asm	no	que se foda	conservative
PT00088	n	asm	no	queca	inclusive
PT00089	n	asm	no	rola	inclusive
PT00090	n	asm	no	rolada	inclusive
PT00091	n	asm	no	rolas	inclusive
PT00092	n	asm	no	siririca	conservative
PT00093	v	asm	no	siriricar	conservative
PT00094	v	asm	no	supunhetar	conservative
PT00095	n	asm	no	suruba	conservative
PT00096	n	asm	no	tesudo	conservative
PT00097	n	asm	no	tesudos	conservative
PT00098	n	asm	no	tesão	conservative
PT00099	p	asm	no	tocar punheta	conservative
PT00100	p	asm	no	tocar à punheta	conservative
PT00101	p	asm	no	toma no cu	conservative
PT00102	p	asm	no	tomar no cu	conservative
PT00103	v	asm	no	transar	conservative
PT00104	n	asm	no	trepada	inclusive
PT00105	v	asm	no	trepar	inclusive
PT00106	n	asm	no	trepação	inclusive
PT00107	p	asm	no	vai se fude	conservative
PT00108	p	asm	no	vai se lascar	conservative
PT00109	p	asm	no	vai toma no cu	conservative
PT00110	p	asm	no	vai tomar no cu	conservative
PT00111	p	asm	no	vai-te foder	conservative
PT00112	n	asm	no	vara	inclusive
PT00113	n	asm	no	verga	inclusive
PT00114	p	asm	no	vá se fuder	conservative
PT00115	p	asm	no	vá tomar no cu	conservative
PT00116	p	asm	no	vá-se foder	conservative
PT00117	p	cds	no	alma de merda	conservative
PT00118	n	cds	no	arrombada	conservative
PT00119	n	cds	no	arrombado	conservative
PT00120	n	cds	no	arrombados	conservative
PT00121	n	cds	no	bosta	conservative
PT00122	n	cds	no	bostas	conservative
PT00123	v	cds	no	bostejar	inclusive
PT00124	n	cds	no	bostileiro	inclusive
PT00125	p	cds	no	cabeça de merda	conservative
PT00126	n	cds	no	cagada	inclusive
PT00127	n	cds	no	cagado	inclusive
PT00128	n	cds	no	cagalhão	conservative
PT00129	p	cds	no	cagando e andando	inclusive
PT00130	v	cds	no	cagar	inclusive
PT00131	p	cds	no	cagar e andar	inclusive
PT00132	n	cds	no	cagão	conservative
PT00133	p	cds	no	cara de cu	inclusive
PT00134	p	cds	no	cara de pau	inclusive
PT00135	n	cds	no	cocô	inclusive
PT00136	n	cds	no	crl	inclusive
PT00137	p	cds	no	de merda	conservative
PT00138	n	cds	no	desgraçada	conservative
PT00139	n	cds	no	desgraçado	conservative
PT00140	n	cds	no	desgraçados	conservative
PT00141	p	cds	no	dum raio	inclusive
PT00142	n	cds	no	falastrão	inclusive
PT00143	n	cds	no	fds	inclusive
PT00144	n	cds	no	imunda	inclusive
PT00145	n	cds	no	inferno	inclusive
PT00146	n	cds	no	infernos	inclusive
PT00147	n	cds	no	kct	inclusive
PT00148	n	cds	no	krl	inclusive
PT00149	n	cds	no	mal-acabado	inclusive
PT00150	n	cds	no	maldita	inclusive
PT00151	n	cds	no	maldito	inclusive
PT00152	n	cds	no	malditos	inclusive
PT00153	n	cds	no	merda	inclusive
PT00154	n	cds	no	merdas	inclusive
PT00155	r	cds	no	merdosamente	inclusive
PT00156	n	cds	no	merdoso	inclusive
PT00157	n	cds	no	mijada	inclusive
PT00158	v	cds	no	mijar	inclusive
PT00159	n	cds	no	mijão	inclusive
PT00160	p	cds	no	monte de merda	conservative
PT00161	n	cds	no	mulher-homem	conservative
PT00162	n	cds	no	mulher-macho	conservative
PT00163	n	cds	no	mulherzinha	conservative
PT00164	n	cds	no	palhaça	inclusive
PT00165	n	cds	no	palhaçada	inclusive
PT00166	n	cds	no	palhaçadas	inclusive
PT00167	n	cds	no	palhaço	inclusive
PT00168	v	cds	no	peidar	inclusive
PT00169	n	cds	no	peidorreiro	inclusive
PT00170	n	cds	no	peidão	inclusive
PT00171	n	cds	no	porra	inclusive
PT00172	p	cds	no	porra de	inclusive
PT00173	p	cds	no	porra nenhuma	inclusive
PT00174	v	cds	no	porrar	inclusive
PT00175	n	cds	no	porras	inclusive
PT00176	n	cds	no	pqp	inclusive
PT00177	n	cds	no	sabe-tudo	inclusive
PT00178	n	cds	no	sabichão	inclusive
PT00179	n	cds	no	sabidão	inclusive
PT00180	n	cds	no	sacanagem	inclusive
PT00181	n	cds	no	saporra	inclusive
PT00182	p	cds	no	se fode	conservative
PT00183	n	cds	no	tnc	inclusive
PT00184	n	cds	no	trombadinha	inclusive
PT00185	n	cds	no	trombadinhas	inclusive
PT00186	p	cds	no	vai tomar banho	conservative
PT00187	n	cds	no	vsf	inclusive
PT00188	n	cds	no	vtnc	inclusive
PT00189	n	cds	no	zorra	inclusive
PT00190	n	ddf	yes	aidético	conservative
PT00191	n	ddf	yes	baleia	conservative
PT00192	n	ddf	yes	baleias	conservative
PT00193	n	ddf	yes	caduca	inclusive
PT00194	n	ddf	yes	caduco	inclusive
PT00195	n	ddf	yes	caducos	inclusive
PT00196	n	ddf	yes	gordice	conservative
PT00197	n	ddf	yes	gordices	conservative
PT00198	n	ddf	yes	lazarenta	conservative
PT00199	n	ddf	yes	lazarento	conservative
PT00200	n	ddf	yes	lazarentos	conservative
PT00201	n	ddf	yes	megera	conservative
PT00202	n	ddf	yes	megeras	conservative
PT00203	n	ddf	yes	nanica	inclusive
PT00204	n	ddf	yes	nanico	inclusive
PT00205	n	ddf	yes	nanicos	inclusive
PT00206	p	ddf	yes	quatro olhos	conservative
PT00207	n	ddf	yes	solteirona	conservative
PT00208	n	ddf	yes	solteironas	conservative
PT00209	n	ddf	yes	velhota	inclusive
PT00210	n	ddf	yes	velhotas	inclusive
PT00211	n	ddf	yes	velhote	inclusive
PT00212	n	ddf	yes	velhotes	inclusive
PT00213	n	ddf	yes	vesga	inclusive
PT00214	n	ddf	yes	vesgo	inclusive
PT00215	n	ddf	yes	vesgos	inclusive
PT00216	n	ddp	yes	abestunta	conservative
PT00217	n	ddp	yes	abestunto	conservative
PT00218	n	ddp	yes	abestuntos	conservative
PT00219	n	ddp	yes	abobado	conservative
PT00220	n	ddp	yes	analfabruta	conservative
PT00221	n	ddp	yes	analfabruto	conservative
PT00222	n	ddp	yes	analfabrutos	conservative
PT00223	n	ddp	yes	bestunta	conservative
PT00224	n	ddp	yes	bestunto	conservative
PT00225	n	ddp	yes	bestuntos	conservative
PT00226	n	ddp	yes	beócio	conservative
PT00227	n	ddp	yes	beócios	conservative
PT00228	n	ddp	yes	burra	conservative
PT00229	n	ddp	yes	burranha	conservative
PT00230	n	ddp	yes	burranho	conservative
PT00231	n	ddp	yes	burranhos	conservative
PT00232	n	ddp	yes	burras	conservative
PT00233	n	ddp	yes	burro	conservative
PT00234	n	ddp	yes	burros	conservative
PT00235	p	ddp	yes	cabeça de bagre	conservative
PT00236	n	ddp	yes	cretina	conservative
PT00237	n	ddp	yes	cretino	conservative
PT00238	n	ddp	yes	cretinos	conservative
PT00239	n	ddp	yes	debiloide	conservative
PT00240	n	ddp	yes	debiloides	conservative
PT00241	n	ddp	yes	descerebrada	conservative
PT00242	n	ddp	yes	descerebrado	conservative
PT00243	n	ddp	yes	descerebrados	conservative
PT00244	n	ddp	yes	escrota	conservative
PT00245	n	ddp	yes	escrotice	conservative
PT00246	n	ddp	yes	escrotices	conservative
PT00247	n	ddp	yes	escrotidão	conservative
PT00248	n	ddp	yes	escroto	conservative
PT00249	n	ddp	yes	escrotos	conservative
PT00250	n	ddp	yes	idiota	conservative
PT00251	p	ddp	yes	idiota útil	conservative
PT00252	n	ddp	yes	idiotas	conservative
PT00253	n	ddp	yes	imbecil	conservative
PT00254	n	ddp	yes	imbecis	conservative
PT00255	n	ddp	yes	mentecapta	conservative
PT00256	n	ddp	yes	mentecapto	conservative
PT00257	n	ddp	yes	mentecaptos	conservative
PT00258	n	ddp	yes	monga	conservative
PT00259	n	ddp	yes	mongo	conservative
PT00260	n	ddp	yes	mongol	conservative
PT00261	n	ddp	yes	mongoloide	conservative
PT00262	n	ddp	yes	mongoloides	conservative
PT00263	n	ddp	yes	mongos	conservative
PT00264	n	ddp	yes	otário	conservative
PT00265	n	ddp	yes	otários	conservative
PT00266	n	ddp	yes	retardada	conservative
PT00267	n	ddp	yes	retardadas	conservative
PT00268	n	ddp	yes	retardado	conservative
PT00269	n	ddp	yes	retardados	conservative
PT00270	n	dmc	no	apparatchik	inclusive
PT00271	n	dmc	no	bolsominion	inclusive
PT00272	n	dmc	no	capetalismo	inclusive
PT00273	n	dmc	no	chauvinismo	inclusive
PT00274	n	dmc	no	chauvinista	inclusive
PT00275	n	dmc	no	clubismo	inclusive
PT00276	p	dmc	no	comunista de iphone	inclusive
PT00277	n	dmc	no	comunistoide	inclusive
PT00278	n	dmc	no	coronelismo	inclusive
PT00279	n	dmc	no	direitola	inclusive
PT00280	n	dmc	no	esquerdalha	inclusive
PT00281	v	dmc	no	esquerdar	inclusive
PT00282	n	dmc	no	esquerdomacho	inclusive
PT00283	n	dmc	no	esquerdopata	inclusive
PT00284	n	dmc	no	esquerdopatas	inclusive
PT00285	n	dmc	no	esquerdopatia	inclusive
PT00286	n	dmc	no	esquerdoso	inclusive
PT00287	n	dmc	no	facho	inclusive
PT00288	n	dmc	no	fascista	inclusive
PT00289	n	dmc	no	feminazi	inclusive
PT00290	n	dmc	no	feminazismo	inclusive
PT00291	n	dmc	no	feministo	inclusive
PT00292	n	dmc	no	golpista	inclusive
PT00293	n	dmc	no	isentão	inclusive
PT00294	n	dmc	no	kulak	inclusive
PT00295	n	dmc	no	lacrador	inclusive
PT00296	v	dmc	no	lacrar	inclusive
PT00297	n	dmc	no	lacração	inclusive
PT00298	n	dmc	no	lacre	inclusive
PT00299	n	dmc	no	lacrolândia	inclusive
PT00300	n	dmc	no	lulopetismo	inclusive
PT00301	n	dmc	no	machista	inclusive
PT00302	n	dmc	no	machistas	inclusive
PT00303	n	dmc	no	mimimi	inclusive
PT00304	n	dmc	no	nazista	inclusive
PT00305	n	dmc	no	nazistas	inclusive
PT00306	n	dmc	no	patriotada	inclusive
PT00307	n	dmc	no	patriotário	inclusive
PT00308	n	dmc	no	peteminion	inclusive
PT00309	n	dmc	no	petralha	inclusive
PT00310	n	dmc	no	petralhada	inclusive
PT00311	n	dmc	no	petralhas	inclusive
PT00312	n	dmc	no	privataria	inclusive
PT00313	n	dmc	no	quisling	inclusive
PT00314	n	dmc	no	radfem	inclusive
PT00315	n	dmc	no	reaça	inclusive
PT00316	n	dmc	no	stalinista	inclusive
PT00317	n	dmc	no	terraplanismo	inclusive
PT00318	n	dmc	no	terraplanista	inclusive
PT00319	n	dmc	no	tucanalha	inclusive
PT00320	n	dmc	no	tucanominion	inclusive
PT00321	n	dmc	no	webcomunista	inclusive
PT00322	n	dmc	no	wokismo	inclusive
PT00323	n	dmc	no	wokista	inclusive
PT00324	n	is	no	arrieiro	inclusive
PT00325	n	is	no	caipira	inclusive
PT00326	n	is	no	campónio	inclusive
PT00327	n	is	no	canalha	conservative
PT00328	n	is	no	canalhas	conservative
PT00329	p	is	no	capitão do mato	conservative
PT00330	n	is	no	capitão-do-mato	conservative
PT00331	n	is	no	corja	conservative
PT00332	n	is	no	escumalha	inclusive
PT00333	n	is	no	gentalha	inclusive
PT00334	n	is	no	jeca	inclusive
PT00335	n	is	no	labrego	inclusive
PT00336	n	is	no	lacaio	inclusive
PT00337	p	is	no	mala sem alça	inclusive
PT00338	n	is	no	matuto	inclusive
PT00339	n	is	no	mauricinho	inclusive
PT00340	v	is	no	mendigar	inclusive
PT00341	n	is	no	mocorongo	inclusive
PT00342	n	is	no	novo-rico	inclusive
PT00343	n	is	no	patricinha	inclusive
PT00344	n	is	no	pau-mandado	inclusive
PT00345	n	is	no	playboy	inclusive
PT00346	n	is	no	pobre-diabo	inclusive
PT00347	n	is	no	pobretão	inclusive
PT00348	n	is	no	populacho	inclusive
PT00349	n	is	no	puxa-saco	conservative
PT00350	n	is	no	ralé	inclusive
PT00351	n	is	no	rústico	inclusive
PT00352	n	is	no	saloiada	inclusive
PT00353	n	is	no	saloiice	inclusive
PT00354	n	is	no	saloio	inclusive
PT00355	n	is	no	saloísmo	inclusive
PT00356	n	is	no	sertanojo	inclusive
PT00357	n	is	no	trambolho	inclusive
PT00358	n	is	no	tribufu	inclusive
PT00359	n	is	no	turbamulta	inclusive
PT00360	n	is	no	vendido	inclusive
PT00361	n	is	no	vendidos	inclusive
PT00362	n	is	no	zé-povinho	inclusive
PT00363	n	om	yes	apaneleirada	conservative
PT00364	n	om	yes	apaneleirado	conservative
PT00365	n	om	yes	apaneleirados	conservative
PT00366	n	om	yes	baitola	conservative
PT00367	n	om	yes	baitolas	conservative
PT00368	n	om	yes	biba	conservative
PT00369	n	om	yes	bibas	conservative
PT00370	n	om	yes	bicha	inclusive
PT00371	n	om	yes	bicha-louca	conservative
PT00372	n	om	yes	bicha-loucas	conservative
PT00373	n	om	yes	bichas	inclusive
PT00374	n	om	yes	bichona	conservative
PT00375	n	om	yes	bichonas	conservative
PT00376	n	om	yes	boiola	conservative
PT00377	n	om	yes	boiolagem	conservative
PT00378	n	om	yes	boiolagens	conservative
PT00379	n	om	yes	boiolas	conservative
PT00380	n	om	yes	boiolice	conservative
PT00381	n	om	yes	boiolices	conservative
PT00382	v	om	yes	desmunhecar	conservative
PT00383	v	om	yes	emboiolar	conservative
PT00384	n	om	yes	fanchão	conservative
PT00385	n	om	yes	fanchões	conservative
PT00386	n	om	yes	gayzada	inclusive
PT00387	n	om	yes	gayzadas	inclusive
PT00388	n	om	yes	gayzismo	inclusive
PT00389	n	om	yes	gayzismos	inclusive
PT00390	n	om	yes	gayzista	inclusive
PT00391	n	om	yes	gayzistas	inclusive
PT00392	n	om	yes	homossexualismo	inclusive
PT00393	n	om	yes	homossexualismos	inclusive
PT00394	p	om	yes	kit gay	conservative
PT00395	n	om	yes	machona	conservative
PT00396	n	om	yes	machonas	conservative
PT00397	n	om	yes	machorra	conservative
PT00398	n	om	yes	machorras	conservative
PT00399	n	om	yes	maricas	conservative
PT00400	n	om	yes	maricona	conservative
PT00401	n	om	yes	mariconas	conservative
PT00402	n	om	yes	maricão	conservative
PT00403	n	om	yes	maricões	conservative
PT00404	n	om	yes	panasca	conservative
PT00405	n	om	yes	panascas	conservative
PT00406	n	om	yes	paneleira	conservative
PT00407	n	om	yes	paneleiro	conservative
PT00408	n	om	yes	paneleiros	conservative
PT00409	n	om	yes	sapatona	conservative
PT00410	n	om	yes	sapatonas	conservative
PT00411	n	om	yes	sapatão	conservative
PT00412	n	om	yes	sapatões	conservative
PT00413	n	om	yes	traveca	conservative
PT00414	n	om	yes	traveco	conservative
PT00415	n	om	yes	travecos	conservative
PT00416	n	om	yes	travequeira	conservative
PT00417	n	om	yes	travequeiro	conservative
PT00418	n	om	yes	travequeiros	conservative
PT00419	n	om	yes	veada	conservative
PT00420	n	om	yes	veado	conservative
PT00421	n	om	yes	veados	conservative
PT00422	n	om	yes	viada	conservative
PT00423	n	om	yes	viadinha	conservative
PT00424	n	om	yes	viadinho	conservative
PT00425	n	om	yes	viadinhos	conservative
PT00426	n	om	yes	viado	conservative
PT00427	n	om	yes	viados	conservative
PT00428	n	om	yes	xibunga	conservative
PT00429	n	om	yes	xibungo	conservative
PT00430	n	om	yes	xibungos	conservative
PT00431	p	pa	no	advogado de porta de cadeia	inclusive
PT00432	n	pa	no	marqueteiro	inclusive
PT00433	n	pr	no	biscoiteira	conservative
PT00434	n	pr	no	biscoiteiro	conservative
PT00435	n	pr	no	fdp	conservative
PT00436	n	pr	no	fideputa	conservative
PT00437	p	pr	no	filha da puta	conservative
PT00438	n	pr	no	filhadaputagem	conservative
PT00439	p	pr	no	filhas da puta	conservative
PT00440	p	pr	no	filho da puta	conservative
PT00441	p	pr	no	filho duma rapariga	conservative
PT00442	p	pr	no	filho duma égua	conservative
PT00443	p	pr	no	filhos da puta	conservative
PT00444	p	pr	no	mal comida	conservative
PT00445	p	pr	no	mulher pública	conservative
PT00446	n	pr	no	piranha	conservative
PT00447	n	pr	no	piriguete	conservative
PT00448	n	pr	no	pirobo	conservative
PT00449	n	pr	no	puta	inclusive
PT00450	p	pr	no	puta que o pariu	conservative
PT00451	p	pr	no	puta que pariu	conservative
PT00452	p	pr	no	puta que te pariu	conservative
PT00453	n	pr	no	putanheiro	conservative
PT00454	n	pr	no	putaria	conservative
PT00455	n	pr	no	putas	inclusive
PT00456	n	pr	no	puteiro	conservative
PT00457	n	pr	no	putinha	conservative
PT00458	n	pr	no	putinhas	conservative
PT00459	n	pr	no	putona	conservative
PT00460	n	pr	no	putífero	conservative
PT00461	n	pr	no	quenga	conservative
PT00462	n	pr	no	safada	conservative
PT00463	p	pr	no	sexo frágil	inclusive
PT00464	n	pr	no	vadia	conservative
PT00465	n	pr	no	vadias	conservative
PT00466	n	pr	no	vagabunda	conservative
PT00467	n	pr	no	vagabundo	conservative
PT00468	n	pr	no	vagabundos	conservative
PT00469	n	ps	yes	baianada	inclusive
PT00470	n	ps	yes	baianadas	inclusive
PT00471	n	ps	yes	boche	conservative
PT00472	n	ps	yes	boches	conservative
PT00473	n	ps	yes	carcamana	conservative
PT00474	n	ps	yes	carcamano	conservative
PT00475	n	ps	yes	carcamanos	conservative
PT00476	n	ps	yes	caçanje	conservative
PT00477	n	ps	yes	caçanjes	conservative
PT00478	n	ps	yes	chinoca	conservative
PT00479	n	ps	yes	chinocas	conservative
PT00480	n	ps	yes	coxa-branca	inclusive
PT00481	n	ps	yes	coxa-brancas	inclusive
PT00482	n	ps	yes	crioula	conservative
PT00483	n	ps	yes	crioulo	conservative
PT00484	n	ps	yes	crioulos	conservative
PT00485	n	ps	yes	emboaba	conservative
PT00486	n	ps	yes	emboabas	conservative
PT00487	n	ps	yes	evanjegue	inclusive
PT00488	n	ps	yes	evanjegues	inclusive
PT00489	n	ps	yes	franciú	conservative
PT00490	n	ps	yes	franciús	conservative
PT00491	n	ps	yes	japinha	inclusive
PT00492	n	ps	yes	japinhas	inclusive
PT00493	n	ps	yes	japoronga	conservative
PT00494	n	ps	yes	japorongas	conservative
PT00495	n	ps	yes	macaca	conservative
PT00496	n	ps	yes	marrana	conservative
PT00497	n	ps	yes	marrano	conservative
PT00498	n	ps	yes	marranos	conservative
PT00499	n	ps	yes	merdeste	conservative
PT00500	n	ps	yes	merdestes	conservative
PT00501	n	ps	yes	monhé	conservative
PT00502	n	ps	yes	monhés	conservative
PT00503	n	ps	yes	mouro	inclusive
PT00504	n	ps	yes	mouros	inclusive
PT00505	n	ps	yes	negrice	conservative
PT00506	n	ps	yes	negrices	conservative
PT00507	n	ps	yes	papista	inclusive
PT00508	n	ps	yes	papistas	inclusive
PT00509	n	ps	yes	paraíba	inclusive
PT00510	n	ps	yes	paraíbas	inclusive
PT00511	n	ps	yes	pixaim	conservative
PT00512	n	ps	yes	pixains	conservative
PT00513	n	ps	yes	portuga	inclusive
PT00514	n	ps	yes	portugas	inclusive
PT00515	p	ps	yes	pé na cozinha	conservative
PT00516	n	ps	yes	romanista	inclusive
PT00517	n	ps	yes	romanistas	inclusive
PT00518	n	ps	yes	tuga	inclusive
PT00519	n	ps	yes	tugas	inclusive
PT00520	p	ps	yes	xing ling	conservative
PT00521	n	ps	yes	zuca	inclusive
PT00522	n	ps	yes	zucas	inclusive
PT00523	n	qas	no	babaca	conservative
PT00524	n	qas	no	babacas	conservative
PT00525	n	qas	no	boba	inclusive
PT00526	n	qas	no	bobalhão	inclusive
PT00527	n	qas	no	bobo	inclusive
PT00528	n	qas	no	encalhado	inclusive
PT00529	n	qas	no	energúmeno	inclusive
PT00530	n	qas	no	esperta	inclusive
PT00531	n	qas	no	espertalhão	inclusive
PT00532	n	qas	no	esperto	inclusive
PT00533	n	qas	no	esquisito	inclusive
PT00534	n	qas	no	folgada	inclusive
PT00535	n	qas	no	folgado	inclusive
PT00536	n	qas	no	histrião	inclusive
PT00537	n	qas	no	histérico	inclusive
PT00538	n	qas	no	inconsequente	inclusive
PT00539	n	qas	no	metida	inclusive
PT00540	n	qas	no	metido	inclusive
PT00541	n	qas	no	palerma	inclusive
PT00542	n	qas	no	pamonha	inclusive
PT00543	n	qas	no	panaca	inclusive
PT00544	n	qas	no	patético	inclusive
PT00545	n	qas	no	simplório	inclusive
PT00546	n	qas	no	trouxa	inclusive
PT00547	n	qas	no	trouxas	inclusive
PT00548	n	qas	no	verborragia	inclusive
PT00549	n	rci	yes	cavaquistão	inclusive
PT00550	n	rci	yes	gringolândia	inclusive
PT00551	n	rci	yes	gringolândias	inclusive
PT00552	p	rci	yes	república de bananas	conservative
PT00553	n	rci	yes	tugalândia	inclusive
PT00554	n	rci	yes	tugalândias	inclusive
PT00555	n	re	no	larápio	inclusive
PT00556	n	re	no	trambiqueiro	inclusive
PT00557	n	svp	no	diaba	inclusive
PT00558	n	svp	no	diabo	inclusive
PT00559	n	svp	no	diabos	inclusive
PT00560	n	svp	no	diacho	inclusive
